ID,PRIMARY_TYPE,DESCRIPTION,LOCATION_DESCRIPTION,ARREST,DOMESTIC,COMMUNITY_AREA_NUMBER,YEAR
3512276,THEFT,FROM BUILDING,SMALL RETAIL STORE,FALSE,FALSE,58,2004
3406613,THEFT,$500 AND UNDER,OTHER,FALSE,FALSE,23,2004
8002131,THEFT,$500 AND UNDER,NURSING HOME/RETIREMENT HOME,FALSE,FALSE,38,2011
7903289,THEFT,FINANCIAL ID THEFT: OVER $300,RESIDENCE,FALSE,FALSE,46,2010
10402076,THEFT,$500 AND UNDER,ALLEY,FALSE,FALSE,66,2016
7732712,THEFT,OVER $500,PARKING LOT/GARAGE(NON.RESID.),FALSE,FALSE,24,2010
10769475,THEFT,OVER $500,STREET,FALSE,FALSE,14,2016
4494340,THEFT,RETAIL THEFT,GROCERY FOOD STORE,TRUE,FALSE,38,2005
3778925,THEFT,OVER $500,STREET,FALSE,FALSE,72,2005
3324217,THEFT,$500 AND UNDER,SMALL RETAIL STORE,FALSE,FALSE,21,2004
9902691,THEFT,RETAIL THEFT,DEPARTMENT STORE,TRUE,FALSE,65,2014
7947964,THEFT,$500 AND UNDER,BAR OR TAVERN,FALSE,FALSE,28,2011
8568365,THEFT,$500 AND UNDER,RESIDENTIAL YARD (FRONT/BACK),FALSE,FALSE,49,2012
5343947,THEFT,AGG: FINANCIAL ID THEFT,OTHER,FALSE,FALSE,28,2007
3121541,THEFT,FROM BUILDING,RESIDENCE PORCH/HALLWAY,FALSE,FALSE,26,2003
10209850,THEFT,$500 AND UNDER,PARKING LOT/GARAGE(NON.RESID.),FALSE,FALSE,22,2015
6866556,THEFT,RETAIL THEFT,OTHER,TRUE,FALSE,48,2009
9681782,THEFT,$500 AND UNDER,CTA PLATFORM,FALSE,FALSE,44,2014
9166453,THEFT,OVER $500,VACANT LOT/LAND,FALSE,FALSE,25,2013
7762423,THEFT,PURSE-SNATCHING,SIDEWALK,FALSE,FALSE,25,2010
10046030,THEFT,RETAIL THEFT,DEPARTMENT STORE,TRUE,FALSE,8,2015
6233210,THEFT,RETAIL THEFT,DEPARTMENT STORE,FALSE,FALSE,32,2008
5677874,THEFT,$500 AND UNDER,STREET,FALSE,FALSE,69,2007
11230490,THEFT,RETAIL THEFT,GROCERY FOOD STORE,TRUE,FALSE,59,2018
7172285,THEFT,OVER $500,STREET,FALSE,FALSE,68,2009
7125811,THEFT,$500 AND UNDER,ATHLETIC CLUB,FALSE,FALSE,14,2009
2219750,THEFT,POCKET-PICKING,AIRPORT/AIRCRAFT,FALSE,FALSE,76,2002
9296677,THEFT,$500 AND UNDER,STREET,FALSE,FALSE,66,2013
2889910,THEFT,OVER $500,PARKING LOT/GARAGE(NON.RESID.),FALSE,FALSE,73,2003
7173960,THEFT,OVER $500,STREET,FALSE,FALSE,44,2009
9859793,THEFT,FROM BUILDING,OTHER,FALSE,FALSE,32,2014
7868443,THEFT,OVER $500,APARTMENT,FALSE,FALSE,35,2010
3314082,THEFT,RETAIL THEFT,SMALL RETAIL STORE,FALSE,FALSE,6,2004
1516518,THEFT,$500 AND UNDER,SMALL RETAIL STORE,TRUE,FALSE,6,2001
10952376,THEFT,$500 AND UNDER,SIDEWALK,FALSE,FALSE,30,2017
2000970,THEFT,OVER $500,BAR OR TAVERN,FALSE,FALSE,14,2002
1476982,THEFT,ATTEMPT THEFT,MOVIE HOUSE/THEATER,FALSE,FALSE,23,2001
4273693,THEFT,OVER $500,STREET,FALSE,FALSE,23,2005
4067549,THEFT,$500 AND UNDER,STREET,FALSE,FALSE,68,2005
4718689,THEFT,RETAIL THEFT,GROCERY FOOD STORE,TRUE,FALSE,8,2006
1845995,THEFT,$500 AND UNDER,DEPARTMENT STORE,TRUE,FALSE,42,2001
8678872,THEFT,FROM BUILDING,RESIDENCE,FALSE,FALSE,43,2012
6855661,THEFT,RETAIL THEFT,GROCERY FOOD STORE,TRUE,FALSE,31,2009
4385612,THEFT,$500 AND UNDER,VEHICLE NON-COMMERCIAL,FALSE,FALSE,24,2005
4929211,THEFT,OVER $500,STREET,FALSE,FALSE,5,2006
9978032,THEFT,$500 AND UNDER,SIDEWALK,FALSE,FALSE,68,2015
10190267,THEFT,OVER $500,SIDEWALK,FALSE,FALSE,22,2015
9575333,THEFT,FROM BUILDING,RESTAURANT,FALSE,FALSE,32,2014
2688426,THEFT,OVER $500,RESIDENCE-GARAGE,FALSE,FALSE,25,2003
8854340,THEFT,FROM BUILDING,NURSING HOME/RETIREMENT HOME,FALSE,FALSE,6,2012
3704662,THEFT,OVER $500,STREET,FALSE,FALSE,68,2004
7724785,THEFT,FROM BUILDING,APARTMENT,FALSE,FALSE,42,2010
10943516,THEFT,$500 AND UNDER,STREET,FALSE,FALSE,25,2017
11185089,THEFT,OVER $500,RESIDENCE,FALSE,FALSE,29,2017
11072808,THEFT,OVER $500,RESIDENTIAL YARD (FRONT/BACK),FALSE,FALSE,23,2017
10084732,THEFT,$500 AND UNDER,BAR OR TAVERN,FALSE,FALSE,8,2015
10485657,THEFT,$500 AND UNDER,STREET,FALSE,FALSE,25,2016
2963994,THEFT,$500 AND UNDER,STREET,FALSE,FALSE,28,2003
1340847,THEFT,$500 AND UNDER,GROCERY FOOD STORE,TRUE,FALSE,28,2001
2771112,THEFT,OVER $500,VEHICLE NON-COMMERCIAL,FALSE,FALSE,59,2003
8861185,THEFT,$500 AND UNDER,DEPARTMENT STORE,FALSE,FALSE,7,2012
11143628,THEFT,$500 AND UNDER,STREET,TRUE,FALSE,67,2017
5214424,THEFT,RETAIL THEFT,GROCERY FOOD STORE,TRUE,FALSE,6,2006
5931425,THEFT,FROM BUILDING,COMMERCIAL / BUSINESS OFFICE,FALSE,FALSE,32,2007
6622100,THEFT,$500 AND UNDER,APARTMENT,FALSE,FALSE,39,2008
8863261,THEFT,OVER $500,OTHER,FALSE,TRUE,77,2012
6731976,THEFT,FROM BUILDING,TAVERN/LIQUOR STORE,FALSE,FALSE,6,2009
9664739,THEFT,$500 AND UNDER,STREET,FALSE,FALSE,31,2014
8670090,THEFT,FROM BUILDING,CONSTRUCTION SITE,FALSE,FALSE,61,2012
7505841,THEFT,FROM BUILDING,GAS STATION,FALSE,FALSE,49,2010
3637126,THEFT,$500 AND UNDER,STREET,FALSE,FALSE,23,2004
4153041,THEFT,$500 AND UNDER,GAS STATION,FALSE,FALSE,25,2005
10102551,THEFT,RETAIL THEFT,DRUG STORE,FALSE,FALSE,2,2015
2988938,THEFT,OVER $500,PARKING LOT/GARAGE(NON.RESID.),FALSE,FALSE,63,2003
10225755,THEFT,$500 AND UNDER,RESIDENCE,FALSE,FALSE,67,2015
9499852,THEFT,OVER $500,PARKING LOT/GARAGE(NON.RESID.),FALSE,FALSE,69,2014
8727329,THEFT,OVER $500,STREET,FALSE,FALSE,64,2012
9682442,THEFT,$500 AND UNDER,APARTMENT,FALSE,TRUE,62,2014
3013050,THEFT,OVER $500,STREET,FALSE,FALSE,66,2003
9509922,THEFT,$500 AND UNDER,RESIDENCE,FALSE,FALSE,75,2014
6980726,THEFT,RETAIL THEFT,SMALL RETAIL STORE,TRUE,FALSE,65,2009
7428379,THEFT,FROM BUILDING,RESIDENCE PORCH/HALLWAY,FALSE,FALSE,49,2010
3808095,THEFT,RETAIL THEFT,DEPARTMENT STORE,FALSE,FALSE,22,2005
2405698,THEFT,$500 AND UNDER,STREET,FALSE,FALSE,28,2002
11048967,THEFT,$500 AND UNDER,RESIDENCE,FALSE,FALSE,21,2017
2975480,THEFT,$500 AND UNDER,STREET,FALSE,FALSE,24,2003
8134254,THEFT,FROM BUILDING,RESIDENCE PORCH/HALLWAY,FALSE,FALSE,1,2011
10012707,THEFT,OVER $500,STREET,FALSE,FALSE,15,2015
9704121,THEFT,$500 AND UNDER,CTA BUS,FALSE,FALSE,30,2014
10409937,THEFT,$500 AND UNDER,STREET,FALSE,FALSE,71,2016
1612358,THEFT,$500 AND UNDER,DEPARTMENT STORE,TRUE,FALSE,74,2001
9612532,THEFT,$500 AND UNDER,STREET,FALSE,FALSE,76,2014
6231712,THEFT,$500 AND UNDER,STREET,FALSE,FALSE,64,2008
10585295,THEFT,$500 AND UNDER,STREET,FALSE,FALSE,16,2016
7865597,THEFT,$500 AND UNDER,STREET,FALSE,FALSE,68,2010
4029579,THEFT,OVER $500,STREET,FALSE,FALSE,8,2005
4778195,THEFT,$500 AND UNDER,STREET,FALSE,FALSE,77,2006
2522757,THEFT,$500 AND UNDER,GROCERY FOOD STORE,TRUE,FALSE,25,2002
7054414,THEFT,$500 AND UNDER,STREET,FALSE,FALSE,67,2009
4533063,THEFT,OVER $500,OTHER,FALSE,FALSE,50,2006
7166946,THEFT,OVER $500,PARKING LOT/GARAGE(NON.RESID.),FALSE,FALSE,14,2009
10619033,THEFT,$500 AND UNDER,VEHICLE NON-COMMERCIAL,FALSE,FALSE,28,2016
10787573,THEFT,$500 AND UNDER,STREET,FALSE,FALSE,73,2016
5613705,THEFT,FROM BUILDING,OTHER,FALSE,FALSE,56,2007
3398799,THEFT,$500 AND UNDER,VEHICLE NON-COMMERCIAL,FALSE,FALSE,25,2004
2355174,THEFT,$500 AND UNDER,STREET,FALSE,FALSE,51,2002
7646435,BATTERY,SIMPLE,SIDEWALK,TRUE,FALSE,5,2010
2088541,BATTERY,SIMPLE,GROCERY FOOD STORE,FALSE,FALSE,5,2002
1778867,BATTERY,SIMPLE,STREET,FALSE,TRUE,28,2001
1887291,BATTERY,SIMPLE,RESIDENCE,FALSE,TRUE,25,2001
8418606,BATTERY,DOMESTIC BATTERY SIMPLE,PARKING LOT/GARAGE(NON.RESID.),FALSE,TRUE,25,2011
10679671,BATTERY,SIMPLE,DRUG STORE,FALSE,FALSE,21,2016
1719296,BATTERY,SIMPLE,RESIDENCE,FALSE,TRUE,2,2001
6673746,BATTERY,DOMESTIC BATTERY SIMPLE,VEHICLE NON-COMMERCIAL,FALSE,FALSE,2,2008
1353618,BATTERY,SIMPLE,RESIDENCE PORCH/HALLWAY,TRUE,TRUE,71,2001
5979106,BATTERY,DOMESTIC BATTERY SIMPLE,SIDEWALK,FALSE,TRUE,71,2007
10562980,BATTERY,DOMESTIC BATTERY SIMPLE,APARTMENT,FALSE,FALSE,39,2016
10179921,BATTERY,DOMESTIC BATTERY SIMPLE,APARTMENT,TRUE,TRUE,30,2015
4006321,BATTERY,SIMPLE,"SCHOOL, PUBLIC, GROUNDS",FALSE,FALSE,43,2005
8142216,BATTERY,DOMESTIC BATTERY SIMPLE,SIDEWALK,FALSE,TRUE,68,2011
10879266,BATTERY,AGG PO HANDS NO/MIN INJURY,APARTMENT,TRUE,FALSE,61,2017
4430638,BATTERY,PRO EMP HANDS NO/MIN INJURY,"SCHOOL, PUBLIC, BUILDING",TRUE,FALSE,4,2005
8718715,BATTERY,SIMPLE,SIDEWALK,FALSE,FALSE,29,2012
2391105,BATTERY,SIMPLE,SIDEWALK,FALSE,FALSE,43,2002
8155450,BATTERY,SIMPLE,SIDEWALK,FALSE,FALSE,27,2011
3710918,BATTERY,AGGRAVATED:KNIFE/CUTTING INSTR,APARTMENT,FALSE,FALSE,24,2004
11133668,BATTERY,DOMESTIC BATTERY SIMPLE,RESIDENTIAL YARD (FRONT/BACK),FALSE,TRUE,49,2017
3116759,BATTERY,SIMPLE,SIDEWALK,FALSE,FALSE,21,2004
4946261,BATTERY,AGGRAVATED: OTHER DANG WEAPON,SIDEWALK,FALSE,FALSE,23,2006
2281487,BATTERY,DOMESTIC BATTERY SIMPLE,SIDEWALK,FALSE,TRUE,25,2002
3434215,BATTERY,DOMESTIC BATTERY SIMPLE,APARTMENT,TRUE,FALSE,8,2004
9806771,BATTERY,DOMESTIC BATTERY SIMPLE,RESIDENCE,FALSE,TRUE,50,2014
7287599,BATTERY,AGGRAVATED:KNIFE/CUTTING INSTR,RESIDENCE,FALSE,FALSE,25,2009
4349267,BATTERY,SIMPLE,CHURCH/SYNAGOGUE/PLACE OF WORSHIP,FALSE,FALSE,73,2005
8771351,BATTERY,SIMPLE,RESTAURANT,TRUE,FALSE,6,2012
1850651,BATTERY,AGGRAVATED: OTHER DANG WEAPON,SIDEWALK,FALSE,FALSE,6,2001
2811745,BATTERY,SIMPLE,SIDEWALK,FALSE,FALSE,68,2003
4328714,BATTERY,DOMESTIC BATTERY SIMPLE,APARTMENT,FALSE,TRUE,31,2005
6514506,BATTERY,DOMESTIC BATTERY SIMPLE,STREET,FALSE,TRUE,42,2008
4424181,BATTERY,DOMESTIC BATTERY SIMPLE,RESIDENCE PORCH/HALLWAY,FALSE,TRUE,23,2005
6644648,BATTERY,DOMESTIC BATTERY SIMPLE,RESIDENCE,FALSE,TRUE,25,2008
6644618,BATTERY,SIMPLE,"SCHOOL, PUBLIC, BUILDING",FALSE,FALSE,35,2008
9337353,BATTERY,DOMESTIC BATTERY SIMPLE,APARTMENT,TRUE,TRUE,29,2013
7759940,BATTERY,AGGRAVATED: OTHER DANG WEAPON,STREET,FALSE,FALSE,30,2010
11277173,BATTERY,DOMESTIC BATTERY SIMPLE,RESIDENCE,FALSE,TRUE,19,2018
7670858,BATTERY,DOMESTIC BATTERY SIMPLE,RESIDENCE,FALSE,FALSE,19,2010
7787295,BATTERY,SIMPLE,SIDEWALK,FALSE,FALSE,46,2010
7002482,BATTERY,DOMESTIC BATTERY SIMPLE,RESIDENCE,FALSE,TRUE,27,2009
8315579,BATTERY,DOMESTIC BATTERY SIMPLE,RESTAURANT,FALSE,TRUE,6,2011
3867425,BATTERY,SIMPLE,STREET,TRUE,FALSE,7,2005
2645724,BATTERY,AGGRAVATED: OTHER DANG WEAPON,STREET,FALSE,FALSE,19,2003
3500168,BATTERY,DOMESTIC BATTERY SIMPLE,RESIDENCE,FALSE,FALSE,29,2004
9068374,BATTERY,DOMESTIC BATTERY SIMPLE,PARKING LOT/GARAGE(NON.RESID.),TRUE,FALSE,43,2013
1639049,BATTERY,SIMPLE,STREET,FALSE,FALSE,43,2001
3812293,BATTERY,SIMPLE,SIDEWALK,FALSE,FALSE,68,2005
2961173,BATTERY,SIMPLE,DEPARTMENT STORE,FALSE,FALSE,37,2003
4620332,BATTERY,SIMPLE,SIDEWALK,FALSE,FALSE,68,2006
4044375,BATTERY,SIMPLE,SIDEWALK,FALSE,FALSE,26,2005
9999493,BATTERY,SIMPLE,DEPARTMENT STORE,TRUE,FALSE,32,2015
7692081,BATTERY,DOMESTIC BATTERY SIMPLE,APARTMENT,FALSE,TRUE,6,2010
5378309,BATTERY,AGGRAVATED: HANDGUN,STREET,FALSE,FALSE,30,2007
6982403,BATTERY,SIMPLE,SIDEWALK,TRUE,FALSE,67,2009
2679112,BATTERY,SIMPLE,RESIDENCE,FALSE,FALSE,25,2003
4448011,BATTERY,SIMPLE,STREET,TRUE,FALSE,69,2005
1729799,BATTERY,AGGRAVATED: HANDGUN,OTHER,FALSE,FALSE,59,2001
2495142,BATTERY,SIMPLE,OTHER COMMERCIAL TRANSPORTATION,FALSE,FALSE,25,2002
2341955,BATTERY,SIMPLE,"SCHOOL, PUBLIC, BUILDING",FALSE,FALSE,25,2002
3672175,BATTERY,SIMPLE,APARTMENT,FALSE,FALSE,29,2004
2584554,BATTERY,AGGRAVATED DOMESTIC BATTERY,RESIDENCE,TRUE,TRUE,16,2002
2903068,BATTERY,SIMPLE,RESIDENCE PORCH/HALLWAY,TRUE,FALSE,28,2003
6720028,BATTERY,SIMPLE,CHA APARTMENT,FALSE,FALSE,28,2009
8223830,BATTERY,SIMPLE,SMALL RETAIL STORE,FALSE,FALSE,23,2011
1363954,BATTERY,SIMPLE,RESIDENCE,FALSE,FALSE,23,2001
3020236,BATTERY,DOMESTIC BATTERY SIMPLE,APARTMENT,FALSE,TRUE,29,2003
6016285,BATTERY,SIMPLE,STREET,FALSE,FALSE,7,2008
1465880,BATTERY,AGGRAVATED: OTHER DANG WEAPON,RESIDENCE,FALSE,TRUE,7,2001
3017838,BATTERY,DOMESTIC BATTERY SIMPLE,APARTMENT,FALSE,TRUE,39,2003
2804858,BATTERY,DOMESTIC BATTERY SIMPLE,APARTMENT,FALSE,TRUE,8,2003
6481371,BATTERY,DOMESTIC BATTERY SIMPLE,RESIDENCE,FALSE,TRUE,62,2008
10003235,BATTERY,DOMESTIC BATTERY SIMPLE,APARTMENT,FALSE,FALSE,66,2015
5663639,BATTERY,DOMESTIC BATTERY SIMPLE,RESIDENCE,FALSE,TRUE,23,2007
3663835,BATTERY,DOMESTIC BATTERY SIMPLE,SIDEWALK,FALSE,TRUE,61,2004
2423472,BATTERY,DOMESTIC BATTERY SIMPLE,STREET,FALSE,TRUE,25,2002
11110571,BATTERY,SIMPLE,"SCHOOL, PUBLIC, GROUNDS",FALSE,FALSE,70,2017
1419496,BATTERY,SIMPLE,APARTMENT,FALSE,FALSE,70,2001
9589300,BATTERY,AGGRAVATED: OTHER DANG WEAPON,SIDEWALK,FALSE,FALSE,27,2014
4766490,BATTERY,SIMPLE,STREET,TRUE,FALSE,37,2006
9035595,BATTERY,DOMESTIC BATTERY SIMPLE,RESIDENCE,FALSE,TRUE,38,2013
10549382,BATTERY,DOMESTIC BATTERY SIMPLE,STREET,FALSE,TRUE,29,2016
5080475,BATTERY,AGGRAVATED:KNIFE/CUTTING INSTR,RESIDENCE,FALSE,TRUE,49,2006
6270946,BATTERY,SIMPLE,SIDEWALK,FALSE,FALSE,61,2008
6939024,BATTERY,DOMESTIC BATTERY SIMPLE,APARTMENT,FALSE,TRUE,25,2009
6780581,BATTERY,AGGRAVATED DOMESTIC BATTERY: OTHER DANG WEAPON,SIDEWALK,TRUE,FALSE,69,2009
9116765,BATTERY,DOMESTIC BATTERY SIMPLE,RESIDENCE,FALSE,TRUE,26,2013
11137994,BATTERY,DOMESTIC BATTERY SIMPLE,RESIDENCE,TRUE,TRUE,24,2017
11014534,BATTERY,DOMESTIC BATTERY SIMPLE,APARTMENT,TRUE,TRUE,54,2017
10584429,BATTERY,SIMPLE,STREET,TRUE,FALSE,2,2016
6806337,BATTERY,DOMESTIC BATTERY SIMPLE,SIDEWALK,FALSE,TRUE,25,2009
8594911,CRIMINAL DAMAGE,TO VEHICLE,STREET,FALSE,FALSE,60,2012
11127628,CRIMINAL DAMAGE,TO CITY OF CHICAGO PROPERTY,STREET,FALSE,FALSE,67,2017
7937542,CRIMINAL DAMAGE,TO PROPERTY,RESIDENCE-GARAGE,FALSE,FALSE,58,2011
8388644,CRIMINAL DAMAGE,TO VEHICLE,STREET,FALSE,FALSE,10,2011
7468176,CRIMINAL DAMAGE,TO VEHICLE,STREET,FALSE,TRUE,41,2010
3225932,CRIMINAL DAMAGE,TO PROPERTY,APARTMENT,FALSE,FALSE,52,2004
2048711,CRIMINAL DAMAGE,TO PROPERTY,SIDEWALK,FALSE,TRUE,52,2002
4303010,CRIMINAL DAMAGE,TO PROPERTY,RESIDENCE,FALSE,FALSE,24,2005
10079280,CRIMINAL DAMAGE,TO VEHICLE,RESIDENTIAL YARD (FRONT/BACK),FALSE,TRUE,53,2015
5758092,CRIMINAL DAMAGE,TO PROPERTY,RESIDENCE,FALSE,TRUE,61,2007
7881407,CRIMINAL DAMAGE,TO PROPERTY,RESIDENCE,FALSE,FALSE,58,2011
8805149,CRIMINAL DAMAGE,TO PROPERTY,APARTMENT,FALSE,FALSE,6,2012
8921352,CRIMINAL DAMAGE,TO VEHICLE,STREET,FALSE,FALSE,23,2012
2325074,CRIMINAL DAMAGE,TO CITY OF CHICAGO PROPERTY,STREET,FALSE,FALSE,31,2002
10624311,CRIMINAL DAMAGE,TO PROPERTY,APARTMENT,FALSE,FALSE,44,2016
8899397,CRIMINAL DAMAGE,TO PROPERTY,APARTMENT,FALSE,FALSE,29,2012
3906764,CRIMINAL DAMAGE,TO VEHICLE,STREET,FALSE,FALSE,22,2005
4249096,CRIMINAL DAMAGE,TO PROPERTY,RESIDENCE,TRUE,FALSE,66,2005
7260480,CRIMINAL DAMAGE,TO PROPERTY,RESIDENCE,FALSE,FALSE,63,2009
4606754,CRIMINAL DAMAGE,TO PROPERTY,RESIDENCE,FALSE,FALSE,10,2006
9817983,CRIMINAL DAMAGE,TO VEHICLE,STREET,TRUE,TRUE,29,2014
9801245,CRIMINAL DAMAGE,TO VEHICLE,STREET,FALSE,FALSE,50,2014
7399281,CRIMINAL DAMAGE,TO VEHICLE,"SCHOOL, PUBLIC, GROUNDS",FALSE,FALSE,25,2010
5567780,CRIMINAL DAMAGE,CRIMINAL DEFACEMENT,RESTAURANT,FALSE,FALSE,15,2007
10770065,CRIMINAL DAMAGE,TO VEHICLE,STREET,FALSE,FALSE,58,2016
9499538,CRIMINAL DAMAGE,CRIMINAL DEFACEMENT,RESIDENCE-GARAGE,FALSE,FALSE,4,2014
4728934,CRIMINAL DAMAGE,TO VEHICLE,STREET,FALSE,TRUE,19,2006
4646705,CRIMINAL DAMAGE,TO VEHICLE,STREET,FALSE,FALSE,1,2006
6937224,CRIMINAL DAMAGE,TO VEHICLE,STREET,FALSE,FALSE,31,2009
3823238,CRIMINAL DAMAGE,TO PROPERTY,BAR OR TAVERN,TRUE,FALSE,24,2005
9305467,CRIMINAL DAMAGE,TO PROPERTY,APARTMENT,FALSE,TRUE,26,2013
7781193,CRIMINAL DAMAGE,TO PROPERTY,RESIDENCE,FALSE,TRUE,51,2010
9491052,CRIMINAL DAMAGE,TO PROPERTY,RESIDENCE,FALSE,FALSE,30,2014
5744223,CRIMINAL DAMAGE,TO PROPERTY,RESIDENCE,FALSE,FALSE,68,2007
6007606,CRIMINAL DAMAGE,TO PROPERTY,RESIDENCE,FALSE,TRUE,70,2007
2862972,CRIMINAL DAMAGE,TO PROPERTY,RESIDENCE,FALSE,FALSE,16,2003
4700014,CRIMINAL DAMAGE,TO VEHICLE,VEHICLE NON-COMMERCIAL,FALSE,FALSE,16,2006
4920006,CRIMINAL DAMAGE,CRIMINAL DEFACEMENT,RESIDENCE-GARAGE,FALSE,FALSE,11,2006
8119054,CRIMINAL DAMAGE,TO VEHICLE,STREET,FALSE,FALSE,67,2011
1414626,CRIMINAL DAMAGE,TO PROPERTY,RESIDENCE,FALSE,FALSE,57,2001
6713046,CRIMINAL DAMAGE,TO VEHICLE,STREET,FALSE,FALSE,62,2009
1720702,CRIMINAL DAMAGE,TO PROPERTY,WAREHOUSE,TRUE,FALSE,62,2001
3108542,CRIMINAL DAMAGE,TO VEHICLE,STREET,FALSE,FALSE,24,2003
5450649,CRIMINAL DAMAGE,CRIMINAL DEFACEMENT,RESIDENCE,FALSE,FALSE,5,2007
11185730,CRIMINAL DAMAGE,TO PROPERTY,RESIDENCE,TRUE,FALSE,18,2017
10218934,CRIMINAL DAMAGE,TO PROPERTY,APARTMENT,FALSE,TRUE,63,2015
6620347,CRIMINAL DAMAGE,TO PROPERTY,RESIDENCE,FALSE,FALSE,44,2008
6940315,CRIMINAL DAMAGE,TO VEHICLE,RESTAURANT,FALSE,FALSE,24,2009
10501619,CRIMINAL DAMAGE,TO PROPERTY,RESIDENCE-GARAGE,FALSE,FALSE,70,2016
5053244,CRIMINAL DAMAGE,TO VEHICLE,STREET,FALSE,FALSE,17,2006
2709601,CRIMINAL DAMAGE,TO PROPERTY,RESIDENCE,FALSE,FALSE,47,2003
3607386,CRIMINAL DAMAGE,TO VEHICLE,STREET,FALSE,FALSE,43,2004
3047178,CRIMINAL DAMAGE,TO VEHICLE,PARKING LOT/GARAGE(NON.RESID.),FALSE,FALSE,8,2003
8690635,CRIMINAL DAMAGE,TO VEHICLE,STREET,FALSE,FALSE,48,2012
2891261,CRIMINAL DAMAGE,TO PROPERTY,APARTMENT,TRUE,FALSE,49,2003
2290580,CRIMINAL DAMAGE,TO VEHICLE,STREET,FALSE,FALSE,71,2002
6903733,CRIMINAL DAMAGE,TO PROPERTY,SIDEWALK,FALSE,FALSE,25,2009
3114653,CRIMINAL DAMAGE,TO VEHICLE,STREET,FALSE,FALSE,22,2003
8652732,NARCOTICS,POSS: CANNABIS 30GMS OR LESS,OTHER COMMERCIAL TRANSPORTATION,TRUE,FALSE,55,2012
8592856,NARCOTICS,POSS: CANNABIS 30GMS OR LESS,PARKING LOT/GARAGE(NON.RESID.),TRUE,FALSE,44,2012
2973642,NARCOTICS,POSS: CANNABIS 30GMS OR LESS,SIDEWALK,TRUE,FALSE,3,2003
2910492,NARCOTICS,POSS: HEROIN(WHITE),SIDEWALK,TRUE,FALSE,25,2003
7692354,NARCOTICS,POSS: CANNABIS 30GMS OR LESS,STREET,TRUE,FALSE,43,2010
4389244,NARCOTICS,POSS: HEROIN(WHITE),SIDEWALK,TRUE,FALSE,27,2005
1577428,NARCOTICS,POSS: HEROIN(WHITE),SIDEWALK,TRUE,FALSE,27,2001
3530721,NARCOTICS,POSS: HEROIN(WHITE),"SCHOOL, PUBLIC, GROUNDS",TRUE,FALSE,1,2004
10177662,NARCOTICS,POSS: CANNABIS 30GMS OR LESS,STREET,TRUE,FALSE,70,2015
7502426,NARCOTICS,MANU/DEL:CANNABIS 10GM OR LESS,"SCHOOL, PUBLIC, BUILDING",TRUE,FALSE,58,2010
3225630,NARCOTICS,MANU/DELIVER: HEROIN (WHITE),ALLEY,TRUE,FALSE,25,2004
5989011,NARCOTICS,POSS: CRACK,AIRPORT/AIRCRAFT,TRUE,FALSE,76,2007
8508682,NARCOTICS,POSS: CANNABIS 30GMS OR LESS,SIDEWALK,TRUE,FALSE,28,2012
2364511,NARCOTICS,POSS: CRACK,SIDEWALK,TRUE,FALSE,26,2002
9416016,NARCOTICS,FOUND SUSPECT NARCOTICS,POLICE FACILITY/VEH PARKING LOT,TRUE,FALSE,29,2013
8594622,NARCOTICS,MANU/DELIVER: METHAMPHETAMINES,APARTMENT,TRUE,FALSE,3,2012
1448800,NARCOTICS,POSS: CANNABIS 30GMS OR LESS,SIDEWALK,TRUE,FALSE,3,2001
9012649,NARCOTICS,POSS: CANNABIS 30GMS OR LESS,SIDEWALK,TRUE,FALSE,3,2013
5547866,NARCOTICS,POSS: CRACK,SIDEWALK,TRUE,FALSE,25,2007
3248961,NARCOTICS,POSS: HEROIN(WHITE),STREET,TRUE,FALSE,68,2004
8784049,NARCOTICS,POSS: CANNABIS 30GMS OR LESS,SIDEWALK,TRUE,FALSE,29,2012
9434484,NARCOTICS,MANU/DELIVER: HEROIN (WHITE),SIDEWALK,FALSE,FALSE,28,2013
3830058,NARCOTICS,POSS: CANNABIS 30GMS OR LESS,OTHER,TRUE,FALSE,3,2005
6884465,NARCOTICS,POSS: CRACK,VEHICLE NON-COMMERCIAL,TRUE,FALSE,46,2009
4074763,NARCOTICS,POSS: COCAINE,STREET,TRUE,FALSE,58,2005
9458866,NARCOTICS,POSS: CRACK,ALLEY,TRUE,FALSE,63,2014
2973220,NARCOTICS,MANU/DELIVER: HEROIN (WHITE),SIDEWALK,TRUE,FALSE,38,2003
3085845,NARCOTICS,ATTEMPT POSSESSION NARCOTICS,STREET,TRUE,FALSE,27,2003
7185163,NARCOTICS,POSS: CANNABIS 30GMS OR LESS,RESIDENTIAL YARD (FRONT/BACK),TRUE,FALSE,66,2009
5753121,NARCOTICS,POSS: COCAINE,STREET,TRUE,FALSE,71,2007
7097303,NARCOTICS,SOLICIT NARCOTICS ON PUBLICWAY,ALLEY,TRUE,FALSE,23,2009
5715871,NARCOTICS,POSS: CANNABIS 30GMS OR LESS,SIDEWALK,TRUE,FALSE,61,2007
5844831,NARCOTICS,POSS: CANNABIS 30GMS OR LESS,GAS STATION,TRUE,FALSE,42,2007
8089415,NARCOTICS,POSS: HEROIN(WHITE),STREET,TRUE,FALSE,42,2011
9419053,NARCOTICS,POSS: CANNABIS 30GMS OR LESS,PARKING LOT/GARAGE(NON.RESID.),TRUE,FALSE,25,2013
5925338,NARCOTICS,POSS: CANNABIS 30GMS OR LESS,STREET,TRUE,FALSE,61,2007
8006283,NARCOTICS,POSS: CANNABIS 30GMS OR LESS,STREET,TRUE,FALSE,31,2011
10025545,NARCOTICS,MANU/DELIVER: HEROIN (WHITE),SIDEWALK,TRUE,FALSE,26,2015
3349359,NARCOTICS,ATTEMPT POSSESSION NARCOTICS,STREET,TRUE,FALSE,28,2004
4483436,NARCOTICS,SOLICIT NARCOTICS ON PUBLICWAY,SIDEWALK,TRUE,FALSE,23,2005
5372669,NARCOTICS,SOLICIT NARCOTICS ON PUBLICWAY,SIDEWALK,TRUE,FALSE,53,2006
5561014,NARCOTICS,POSS: CANNABIS 30GMS OR LESS,STREET,TRUE,FALSE,3,2007
6780235,NARCOTICS,POSS: CANNABIS 30GMS OR LESS,SIDEWALK,TRUE,FALSE,29,2009
4746425,NARCOTICS,POSS: HEROIN(WHITE),SIDEWALK,TRUE,FALSE,23,2006
4031070,NARCOTICS,MANU/DELIVER:CRACK,STREET,TRUE,FALSE,23,2005
7041136,NARCOTICS,POSS: CANNABIS 30GMS OR LESS,APARTMENT,TRUE,FALSE,23,2009
5226574,NARCOTICS,POSS: CANNABIS 30GMS OR LESS,STREET,TRUE,FALSE,23,2006
6441121,NARCOTICS,POSS: CANNABIS 30GMS OR LESS,STREET,TRUE,FALSE,15,2008
4044725,NARCOTICS,MANU/DELIVER: HEROIN (WHITE),SIDEWALK,TRUE,FALSE,25,2005
5638846,NARCOTICS,POSS: CANNABIS 30GMS OR LESS,SIDEWALK,TRUE,FALSE,25,2007
2159382,NARCOTICS,POSS: CANNABIS 30GMS OR LESS,STREET,TRUE,FALSE,25,2002
5625404,NARCOTICS,POSS: CANNABIS 30GMS OR LESS,PARKING LOT/GARAGE(NON.RESID.),TRUE,FALSE,69,2007
6186267,NARCOTICS,POSS: CANNABIS 30GMS OR LESS,STREET,TRUE,FALSE,58,2008
2403623,NARCOTICS,POSS: CRACK,STREET,TRUE,FALSE,66,2001
8300838,OTHER OFFENSE,TELEPHONE THREAT,APARTMENT,FALSE,TRUE,14,2011
10811959,OTHER OFFENSE,TELEPHONE THREAT,RESIDENCE,FALSE,TRUE,22,2017
4750131,OTHER OFFENSE,TELEPHONE THREAT,RESIDENCE,FALSE,TRUE,1,2006
5448716,OTHER OFFENSE,OBSCENE TELEPHONE CALLS,DRUG STORE,FALSE,FALSE,23,2007
10779118,OTHER OFFENSE,TELEPHONE THREAT,APARTMENT,FALSE,TRUE,61,2016
4374455,OTHER OFFENSE,VIOLATE ORDER OF PROTECTION,RESIDENCE,TRUE,TRUE,62,2005
7363357,OTHER OFFENSE,HARASSMENT BY TELEPHONE,RESIDENCE,FALSE,FALSE,6,2010
6993831,OTHER OFFENSE,HARASSMENT BY TELEPHONE,RESIDENCE,FALSE,TRUE,31,2009
6155786,OTHER OFFENSE,PROBATION VIOLATION,APARTMENT,FALSE,FALSE,8,2008
6054992,OTHER OFFENSE,TELEPHONE THREAT,APARTMENT,FALSE,TRUE,19,2008
6252456,OTHER OFFENSE,HARASSMENT BY ELECTRONIC MEANS,APARTMENT,FALSE,TRUE,39,2008
2748713,OTHER OFFENSE,HARASSMENT BY TELEPHONE,APARTMENT,FALSE,FALSE,42,2003
10931066,OTHER OFFENSE,HARASSMENT BY ELECTRONIC MEANS,APARTMENT,FALSE,FALSE,23,2017
5601454,OTHER OFFENSE,TELEPHONE THREAT,OTHER,FALSE,TRUE,15,2007
10808622,OTHER OFFENSE,TELEPHONE THREAT,RESIDENCE,FALSE,FALSE,18,2017
2866020,OTHER OFFENSE,HARASSMENT BY TELEPHONE,APARTMENT,FALSE,FALSE,21,2003
2412250,OTHER OFFENSE,HARASSMENT BY TELEPHONE,APARTMENT,FALSE,FALSE,2,2002
10015483,OTHER OFFENSE,PAROLE VIOLATION,SIDEWALK,TRUE,FALSE,23,2015
10488465,OTHER OFFENSE,TELEPHONE THREAT,APARTMENT,FALSE,FALSE,25,2016
10197369,OTHER OFFENSE,TELEPHONE THREAT,APARTMENT,FALSE,TRUE,67,2015
3305754,OTHER OFFENSE,FALSE/STOLEN/ALTERED TRP,VEHICLE NON-COMMERCIAL,TRUE,FALSE,51,2004
11018984,OTHER OFFENSE,FALSE/STOLEN/ALTERED TRP,PARKING LOT/GARAGE(NON.RESID.),TRUE,FALSE,46,2017
3646946,OTHER OFFENSE,HARASSMENT BY TELEPHONE,APARTMENT,FALSE,TRUE,44,2004
6769056,OTHER OFFENSE,TELEPHONE THREAT,RESIDENCE,FALSE,TRUE,69,2009
2415583,OTHER OFFENSE,OTHER VEHICLE OFFENSE,STREET,TRUE,FALSE,26,2002
11122168,OTHER OFFENSE,OTHER CRIME AGAINST PERSON,RESIDENCE,FALSE,FALSE,45,2017
9993135,OTHER OFFENSE,HARASSMENT BY TELEPHONE,APARTMENT,FALSE,FALSE,24,2014
7255767,OTHER OFFENSE,VIOLATE ORDER OF PROTECTION,RESIDENCE,TRUE,TRUE,68,2009
10493762,OTHER OFFENSE,SEX OFFENDER: FAIL REG NEW ADD,APARTMENT,FALSE,FALSE,58,2016
9426342,OTHER OFFENSE,OTHER VEHICLE OFFENSE,RESIDENCE,TRUE,TRUE,25,2013
7511512,OTHER OFFENSE,HARASSMENT BY TELEPHONE,APARTMENT,FALSE,FALSE,2,2010
2200712,OTHER OFFENSE,HARASSMENT BY TELEPHONE,COMMERCIAL / BUSINESS OFFICE,FALSE,FALSE,8,2002
5322667,ASSAULT,SIMPLE,SIDEWALK,FALSE,TRUE,44,2007
9348957,ASSAULT,AGGRAVATED: OTHER DANG WEAPON,ALLEY,FALSE,FALSE,25,2013
2948095,ASSAULT,SIMPLE,SIDEWALK,FALSE,FALSE,23,2003
2492280,ASSAULT,AGGRAVATED: HANDGUN,STREET,FALSE,FALSE,25,2002
10574810,ASSAULT,AGGRAVATED: OTHER DANG WEAPON,PARKING LOT/GARAGE(NON.RESID.),FALSE,FALSE,33,2016
9271865,ASSAULT,AGGRAVATED: HANDGUN,SIDEWALK,FALSE,TRUE,25,2013
3943561,ASSAULT,AGGRAVATED: OTHER DANG WEAPON,SIDEWALK,TRUE,FALSE,31,2005
2620109,ASSAULT,AGGRAVATED PO: OTHER DANG WEAP,OTHER,TRUE,FALSE,51,2003
4921404,ASSAULT,SIMPLE,STREET,FALSE,FALSE,49,2006
10502099,ASSAULT,AGGRAVATED:KNIFE/CUTTING INSTR,APARTMENT,FALSE,TRUE,27,2016
5360488,ASSAULT,SIMPLE,RESIDENCE,TRUE,FALSE,68,2007
2109180,ASSAULT,SIMPLE,RESIDENCE PORCH/HALLWAY,FALSE,FALSE,6,2002
10950230,ASSAULT,AGGRAVATED: HANDGUN,STREET,TRUE,TRUE,26,2017
2065876,ASSAULT,SIMPLE,STREET,TRUE,FALSE,26,2002
4892475,ASSAULT,SIMPLE,RESIDENCE,FALSE,TRUE,68,2006
6170783,ASSAULT,SIMPLE,COMMERCIAL / BUSINESS OFFICE,FALSE,FALSE,72,2008
3741570,ASSAULT,SIMPLE,HOSPITAL BUILDING/GROUNDS,FALSE,FALSE,38,2005
8533129,ASSAULT,SIMPLE,CHA APARTMENT,FALSE,FALSE,45,2010
10653179,ASSAULT,AGGRAVATED: HANDGUN,APARTMENT,TRUE,TRUE,42,2016
8789058,ASSAULT,SIMPLE,STREET,FALSE,TRUE,63,2012
9269662,ASSAULT,SIMPLE,SIDEWALK,FALSE,FALSE,38,2013
4681320,ASSAULT,AGGRAVATED: HANDGUN,APARTMENT,FALSE,FALSE,71,2005
8082600,ASSAULT,PRO EMP HANDS NO/MIN INJURY,"SCHOOL, PUBLIC, GROUNDS",FALSE,FALSE,27,2011
3970108,ASSAULT,SIMPLE,OTHER,TRUE,FALSE,8,2005
3661130,ASSAULT,AGGRAVATED: OTHER DANG WEAPON,STREET,FALSE,FALSE,71,2004
8306557,ASSAULT,SIMPLE,RESIDENCE,FALSE,FALSE,68,2011
9748574,ASSAULT,SIMPLE,SIDEWALK,FALSE,FALSE,49,2014
3313069,ASSAULT,SIMPLE,OTHER,FALSE,FALSE,43,2004
6793833,ASSAULT,SIMPLE,RESIDENCE PORCH/HALLWAY,FALSE,FALSE,25,2009
1962624,ASSAULT,SIMPLE,RESIDENCE,TRUE,TRUE,25,2002
11111810,ASSAULT,AGGRAVATED:KNIFE/CUTTING INSTR,APARTMENT,TRUE,TRUE,68,2017
8557804,ASSAULT,SIMPLE,OTHER,FALSE,FALSE,28,2012
6900303,BURGLARY,UNLAWFUL ENTRY,APARTMENT,FALSE,FALSE,25,2009
10399689,BURGLARY,FORCIBLE ENTRY,RESIDENCE,FALSE,FALSE,49,2016
4826872,BURGLARY,FORCIBLE ENTRY,FACTORY/MANUFACTURING BUILDING,FALSE,FALSE,46,2006
9088959,BURGLARY,FORCIBLE ENTRY,APARTMENT,FALSE,FALSE,29,2013
1825533,BURGLARY,UNLAWFUL ENTRY,RESIDENCE PORCH/HALLWAY,FALSE,FALSE,29,2001
9129599,BURGLARY,FORCIBLE ENTRY,RESIDENCE,FALSE,FALSE,19,2013
9383468,BURGLARY,FORCIBLE ENTRY,RESIDENCE,FALSE,FALSE,24,2013
1603886,BURGLARY,UNLAWFUL ENTRY,RESIDENCE-GARAGE,FALSE,FALSE,24,2001
6239811,BURGLARY,FORCIBLE ENTRY,RESTAURANT,FALSE,FALSE,25,2008
3929767,BURGLARY,FORCIBLE ENTRY,CONSTRUCTION SITE,FALSE,FALSE,53,2005
5401018,BURGLARY,UNLAWFUL ENTRY,CHURCH/SYNAGOGUE/PLACE OF WORSHIP,FALSE,FALSE,61,2007
1959865,BURGLARY,FORCIBLE ENTRY,SMALL RETAIL STORE,FALSE,FALSE,61,2002
3395645,BURGLARY,FORCIBLE ENTRY,RESIDENCE,TRUE,FALSE,7,2004
8200440,BURGLARY,FORCIBLE ENTRY,RESIDENCE-GARAGE,FALSE,FALSE,65,2011
4223368,BURGLARY,UNLAWFUL ENTRY,APARTMENT,FALSE,FALSE,69,2005
7281380,BURGLARY,FORCIBLE ENTRY,RESIDENCE-GARAGE,FALSE,FALSE,52,2009
3420516,BURGLARY,FORCIBLE ENTRY,COMMERCIAL / BUSINESS OFFICE,FALSE,FALSE,20,2004
7991098,BURGLARY,UNLAWFUL ENTRY,APARTMENT,FALSE,FALSE,69,2011
2766777,BURGLARY,FORCIBLE ENTRY,CHURCH/SYNAGOGUE/PLACE OF WORSHIP,FALSE,FALSE,30,2003
8020403,BURGLARY,FORCIBLE ENTRY,RESIDENCE,FALSE,FALSE,72,2011
8901424,BURGLARY,UNLAWFUL ENTRY,RESIDENCE-GARAGE,FALSE,FALSE,17,2012
7083209,BURGLARY,UNLAWFUL ENTRY,RESIDENCE,FALSE,FALSE,17,2009
8193625,BURGLARY,FORCIBLE ENTRY,CLEANING STORE,FALSE,FALSE,72,2011
7136001,BURGLARY,UNLAWFUL ENTRY,RESIDENCE-GARAGE,FALSE,FALSE,48,2009
7623578,BURGLARY,FORCIBLE ENTRY,APARTMENT,FALSE,FALSE,68,2010
8321464,BURGLARY,FORCIBLE ENTRY,RESIDENCE,FALSE,FALSE,43,2011
3880644,BURGLARY,FORCIBLE ENTRY,RESIDENCE,FALSE,FALSE,71,2005
10904332,BURGLARY,FORCIBLE ENTRY,RESIDENCE,FALSE,FALSE,67,2017
9204493,BURGLARY,FORCIBLE ENTRY,RESIDENCE,FALSE,FALSE,68,2013
6901330,BURGLARY,UNLAWFUL ENTRY,APARTMENT,FALSE,FALSE,25,2009
10268156,MOTOR VEHICLE THEFT,AUTOMOBILE,STREET,FALSE,FALSE,67,2015
6672913,MOTOR VEHICLE THEFT,AUTOMOBILE,STREET,FALSE,FALSE,68,2008
5835389,MOTOR VEHICLE THEFT,AUTOMOBILE,STREET,FALSE,FALSE,16,2007
3969617,MOTOR VEHICLE THEFT,THEFT/RECOVERY: AUTOMOBILE,STREET,FALSE,FALSE,46,2005
7427845,MOTOR VEHICLE THEFT,AUTOMOBILE,STREET,FALSE,FALSE,16,2010
8921455,MOTOR VEHICLE THEFT,AUTOMOBILE,STREET,FALSE,FALSE,28,2012
3310641,MOTOR VEHICLE THEFT,AUTOMOBILE,STREET,FALSE,FALSE,48,2004
2514430,MOTOR VEHICLE THEFT,AUTOMOBILE,STREET,FALSE,FALSE,41,2002
1790731,MOTOR VEHICLE THEFT,AUTOMOBILE,STREET,FALSE,FALSE,41,2001
5161792,MOTOR VEHICLE THEFT,AUTOMOBILE,STREET,FALSE,FALSE,31,2006
3072896,MOTOR VEHICLE THEFT,THEFT/RECOVERY: AUTOMOBILE,STREET,FALSE,FALSE,22,2003
8681629,MOTOR VEHICLE THEFT,AUTOMOBILE,STREET,FALSE,FALSE,42,2012
9556192,MOTOR VEHICLE THEFT,AUTOMOBILE,STREET,FALSE,FALSE,26,2014
5136468,MOTOR VEHICLE THEFT,AUTOMOBILE,STREET,FALSE,FALSE,28,2006
2116573,MOTOR VEHICLE THEFT,AUTOMOBILE,OTHER,FALSE,FALSE,69,2002
1819413,MOTOR VEHICLE THEFT,AUTOMOBILE,STREET,TRUE,FALSE,69,2001
9651438,MOTOR VEHICLE THEFT,ATT: AUTOMOBILE,STREET,FALSE,FALSE,68,2014
9974424,MOTOR VEHICLE THEFT,AUTOMOBILE,STREET,FALSE,FALSE,66,2015
6723496,MOTOR VEHICLE THEFT,AUTOMOBILE,STREET,FALSE,FALSE,25,2009
2316019,MOTOR VEHICLE THEFT,"TRUCK, BUS, MOTOR HOME",STREET,FALSE,FALSE,63,2002
2859254,MOTOR VEHICLE THEFT,THEFT/RECOVERY: AUTOMOBILE,ALLEY,FALSE,FALSE,71,2003
2103277,MOTOR VEHICLE THEFT,AUTOMOBILE,STREET,FALSE,FALSE,19,2002
2169996,MOTOR VEHICLE THEFT,AUTOMOBILE,STREET,FALSE,FALSE,58,2002
5733472,MOTOR VEHICLE THEFT,AUTOMOBILE,STREET,FALSE,FALSE,66,2007
10707046,DECEPTIVE PRACTICE,CREDIT CARD FRAUD,CTA TRAIN,FALSE,FALSE,76,2016
5904817,DECEPTIVE PRACTICE,CREDIT CARD FRAUD,RESTAURANT,FALSE,FALSE,8,2007
7195847,DECEPTIVE PRACTICE,THEFT OF LABOR/SERVICES,RESTAURANT,FALSE,FALSE,2,2009
1826250,DECEPTIVE PRACTICE,FORGERY,BANK,FALSE,FALSE,2,2001
3761051,DECEPTIVE PRACTICE,CREDIT CARD FRAUD,RESIDENCE,FALSE,TRUE,71,2005
5713696,DECEPTIVE PRACTICE,THEFT OF LOST/MISLAID PROP,STREET,TRUE,FALSE,24,2007
1803248,DECEPTIVE PRACTICE,FRAUD OR CONFIDENCE GAME,OTHER,FALSE,FALSE,24,2001
3864164,DECEPTIVE PRACTICE,"THEFT BY LESSEE,MOTOR VEH",STREET,TRUE,FALSE,8,2004
3300223,DECEPTIVE PRACTICE,THEFT OF LOST/MISLAID PROP,CTA PLATFORM,TRUE,FALSE,1,2004
2723161,DECEPTIVE PRACTICE,CREDIT CARD FRAUD,RESIDENCE,FALSE,FALSE,70,2003
1580040,DECEPTIVE PRACTICE,BOGUS CHECK,BANK,FALSE,FALSE,70,2001
11057640,DECEPTIVE PRACTICE,CREDIT CARD FRAUD,RESIDENCE,FALSE,FALSE,24,2017
10327846,DECEPTIVE PRACTICE,FINANCIAL IDENTITY THEFT OVER $ 300,RESIDENCE,FALSE,FALSE,71,2015
11178752,DECEPTIVE PRACTICE,FINANCIAL IDENTITY THEFT OVER $ 300,OTHER,FALSE,FALSE,16,2017
2225484,DECEPTIVE PRACTICE,THEFT OF LABOR/SERVICES,RESTAURANT,TRUE,FALSE,6,2002
10760731,DECEPTIVE PRACTICE,FINANCIAL IDENTITY THEFT OVER $ 300,APARTMENT,FALSE,FALSE,25,2014
1438213,DECEPTIVE PRACTICE,THEFT OF LABOR/SERVICES,CTA PLATFORM,TRUE,FALSE,25,2001
10268721,DECEPTIVE PRACTICE,FINANCIAL IDENTITY THEFT OVER $ 300,BANK,FALSE,FALSE,20,2015
2003966,DECEPTIVE PRACTICE,FRAUD OR CONFIDENCE GAME,AIRPORT/AIRCRAFT,TRUE,FALSE,20,2002
8210615,DECEPTIVE PRACTICE,ILLEGAL USE CASH CARD,RESIDENCE,FALSE,FALSE,46,2011
3842013,ROBBERY,ARMED: HANDGUN,STREET,FALSE,FALSE,38,2005
4810471,ROBBERY,STRONGARM - NO WEAPON,STREET,TRUE,FALSE,2,2006
10882712,ROBBERY,ARMED: HANDGUN,STREET,FALSE,FALSE,29,2017
4110831,ROBBERY,VEHICULAR HIJACKING,STREET,FALSE,FALSE,30,2005
7578055,ROBBERY,STRONGARM - NO WEAPON,STREET,FALSE,FALSE,53,2010
6588112,ROBBERY,ARMED: HANDGUN,STREET,FALSE,FALSE,23,2008
2666808,ROBBERY,ARMED: HANDGUN,STREET,FALSE,FALSE,71,2003
5260944,ROBBERY,STRONGARM - NO WEAPON,RESTAURANT,TRUE,FALSE,5,2007
2906269,ROBBERY,ARMED: HANDGUN,PARKING LOT/GARAGE(NON.RESID.),FALSE,FALSE,23,2003
8536808,ROBBERY,ARMED: HANDGUN,RESIDENCE,FALSE,FALSE,67,2012
8841511,ROBBERY,STRONGARM - NO WEAPON,SIDEWALK,TRUE,FALSE,14,2012
3046354,ROBBERY,ARMED: HANDGUN,GAS STATION,FALSE,FALSE,15,2003
10831592,ROBBERY,ARMED: HANDGUN,STREET,FALSE,FALSE,25,2017
2953056,ROBBERY,ARMED:KNIFE/CUTTING INSTRUMENT,STREET,FALSE,FALSE,10,2003
11184062,ROBBERY,ARMED: HANDGUN,VEHICLE NON-COMMERCIAL,FALSE,FALSE,28,2017
8875058,ROBBERY,AGGRAVATED,GAS STATION,FALSE,FALSE,69,2012
7410895,ROBBERY,AGGRAVATED VEHICULAR HIJACKING,STREET,FALSE,FALSE,53,2009
9425197,ROBBERY,ARMED: HANDGUN,RESIDENTIAL YARD (FRONT/BACK),FALSE,FALSE,44,2013
2164207,ROBBERY,ARMED:KNIFE/CUTTING INSTRUMENT,STREET,FALSE,FALSE,26,2002
4136958,ROBBERY,ARMED: HANDGUN,ALLEY,FALSE,FALSE,49,2005
1570987,CRIMINAL TRESPASS,TO STATE SUP LAND,CHA PARKING LOT/GROUNDS,TRUE,FALSE,49,2001
4084479,CRIMINAL TRESPASS,TO STATE SUP LAND,CHA PARKING LOT/GROUNDS,TRUE,FALSE,35,2005
11056591,CRIMINAL TRESPASS,TO RESIDENCE,RESIDENCE,TRUE,FALSE,49,2017
7174283,CRIMINAL TRESPASS,TO LAND,"SCHOOL, PUBLIC, GROUNDS",TRUE,FALSE,70,2009
11106461,CRIMINAL TRESPASS,TO LAND,RESTAURANT,TRUE,FALSE,71,2017
8693981,CRIMINAL TRESPASS,TO LAND,ALLEY,TRUE,FALSE,66,2012
5827212,CRIMINAL TRESPASS,TO LAND,GAS STATION,TRUE,FALSE,22,2007
9413737,CRIMINAL TRESPASS,TO LAND,LIBRARY,TRUE,FALSE,32,2013
3064175,CRIMINAL TRESPASS,TO STATE SUP LAND,CHA HALLWAY/STAIRWELL/ELEVATOR,TRUE,FALSE,28,2003
2774880,CRIMINAL TRESPASS,TO LAND,COLLEGE/UNIVERSITY GROUNDS,TRUE,FALSE,35,2003
2100965,CRIMINAL TRESPASS,TO STATE SUP LAND,CHA PARKING LOT/GROUNDS,TRUE,FALSE,35,2002
5635192,CRIMINAL TRESPASS,TO VEHICLE,STREET,FALSE,FALSE,38,2006
3081572,CRIMINAL TRESPASS,TO LAND,BANK,TRUE,FALSE,32,2003
6777303,CRIMINAL TRESPASS,TO LAND,BANK,FALSE,FALSE,4,2009
1762743,CRIMINAL TRESPASS,TO LAND,PARKING LOT/GARAGE(NON.RESID.),TRUE,FALSE,4,2001
1427912,PROSTITUTION,CALL OPERATION,RESIDENCE,TRUE,FALSE,4,2001
5784844,PROSTITUTION,SOLICIT ON PUBLIC WAY,SIDEWALK,TRUE,FALSE,1,2007
1553689,PROSTITUTION,SOLICIT ON PUBLIC WAY,STREET,TRUE,FALSE,1,2001
1367327,PROSTITUTION,SOLICIT FOR BUSINESS,STREET,TRUE,FALSE,1,2001
5228794,PROSTITUTION,SOLICIT ON PUBLIC WAY,STREET,TRUE,FALSE,8,2006
8789017,PROSTITUTION,SOLICIT ON PUBLIC WAY,STREET,TRUE,FALSE,25,2012
3680034,WEAPONS VIOLATION,UNLAWFUL POSS OF HANDGUN,RESIDENCE,FALSE,FALSE,25,2004
7357439,WEAPONS VIOLATION,UNLAWFUL POSS OTHER FIREARM,RESIDENCE,TRUE,FALSE,66,2010
9432406,WEAPONS VIOLATION,UNLAWFUL POSS OF HANDGUN,RESIDENCE,TRUE,FALSE,29,2013
3426362,WEAPONS VIOLATION,UNLAWFUL POSS OF HANDGUN,SIDEWALK,TRUE,FALSE,67,2004
2269553,WEAPONS VIOLATION,UNLAWFUL POSS OF HANDGUN,STREET,TRUE,FALSE,22,2002
4965099,WEAPONS VIOLATION,UNLAWFUL POSS OF HANDGUN,RESIDENCE,TRUE,FALSE,46,2006
4317595,PUBLIC PEACE VIOLATION,RECKLESS CONDUCT,SIDEWALK,FALSE,FALSE,63,2005
8681171,PUBLIC PEACE VIOLATION,RECKLESS CONDUCT,STREET,TRUE,FALSE,56,2012
9551405,PUBLIC PEACE VIOLATION,RECKLESS CONDUCT,SIDEWALK,TRUE,FALSE,42,2014
2075734,PUBLIC PEACE VIOLATION,BOMB THREAT,"SCHOOL, PRIVATE, BUILDING",FALSE,FALSE,42,2002
1806896,PUBLIC PEACE VIOLATION,BOMB THREAT,"SCHOOL, PUBLIC, BUILDING",TRUE,FALSE,42,2001
5766654,OFFENSE INVOLVING CHILDREN,AGG SEX ASSLT OF CHILD FAM MBR,CHURCH/SYNAGOGUE/PLACE OF WORSHIP,FALSE,FALSE,21,2007
6986273,OFFENSE INVOLVING CHILDREN,SEX ASSLT OF CHILD BY FAM MBR,APARTMENT,FALSE,TRUE,29,2009
5176248,OFFENSE INVOLVING CHILDREN,CRIM SEX ABUSE BY FAM MEMBER,RESIDENCE,TRUE,FALSE,70,2006
8159639,OFFENSE INVOLVING CHILDREN,AGG CRIM SEX ABUSE FAM MEMBER,RESIDENCE,FALSE,FALSE,43,2011
2382981,CRIM SEXUAL ASSAULT,ATTEMPT NON-AGGRAVATED,ALLEY,FALSE,FALSE,68,2002
3588432,CRIM SEXUAL ASSAULT,NON-AGGRAVATED,APARTMENT,TRUE,FALSE,20,2004
1455002,CRIM SEXUAL ASSAULT,AGGRAVATED: HANDGUN,ALLEY,FALSE,FALSE,20,2001
3280399,SEX OFFENSE,AGG CRIMINAL SEXUAL ABUSE,CHURCH/SYNAGOGUE/PLACE OF WORSHIP,FALSE,FALSE,12,2004
6906555,SEX OFFENSE,OTHER,STREET,TRUE,FALSE,61,2009
8169210,SEX OFFENSE,AGG CRIMINAL SEXUAL ABUSE,RESIDENCE PORCH/HALLWAY,TRUE,FALSE,19,2011
10070513,INTERFERENCE WITH PUBLIC OFFICER,RESIST/OBSTRUCT/DISARM OFFICER,STREET,FALSE,FALSE,67,2015
4072241,INTERFERENCE WITH PUBLIC OFFICER,ESCAPE,POLICE FACILITY/VEH PARKING LOT,TRUE,FALSE,27,2005
6183080,GAMBLING,GAME/DICE,SIDEWALK,TRUE,FALSE,8,2008
6987751,GAMBLING,GAME/DICE,SIDEWALK,TRUE,FALSE,66,2009
3987219,LIQUOR LAW VIOLATION,SELL/GIVE/DEL LIQUOR TO MINOR,CONVENIENCE STORE,TRUE,FALSE,7,2005
3266814,LIQUOR LAW VIOLATION,ILLEGAL CONSUMPTION BY MINOR,ALLEY,TRUE,FALSE,48,2004
9692995,ARSON,AGGRAVATED,RESIDENCE,FALSE,FALSE,54,2014
4607081,ARSON,BY FIRE,RESIDENCE,FALSE,FALSE,53,2006
21149,HOMICIDE,FIRST DEGREE MURDER,HOUSE,TRUE,TRUE,58,2013
23469,HOMICIDE,FIRST DEGREE MURDER,STREET,FALSE,FALSE,45,2017
5276766,KIDNAPPING,CHILD ABDUCTION/STRANGER,STREET,FALSE,FALSE,25,2007
5738893,INTIMIDATION,INTIMIDATION,SMALL RETAIL STORE,FALSE,FALSE,45,2007
9094512,STALKING,CYBERSTALKING,RESIDENCE,FALSE,TRUE,16,2013
11233321,OBSCENITY,OBSCENE MATTER,RESIDENCE,TRUE,TRUE,70,2018
10270593,CONCEALED CARRY LICENSE VIOLATION,OTHER,SIDEWALK,TRUE,FALSE,25,2015
10626372,PUBLIC INDECENCY,LICENSED PREMISE,SIDEWALK,TRUE,FALSE,71,2016
10625887,NON-CRIMINAL,LOST PASSPORT,GOVERNMENT BUILDING/PROPERTY,FALSE,FALSE,11,2016
9608166,OTHER NARCOTIC VIOLATION,INTOXICATING COMPOUNDS,SIDEWALK,TRUE,FALSE,8,2014
10453948,HUMAN TRAFFICKING,INVOLUNTARY SERVITUDE,APARTMENT,FALSE,FALSE,46,2016
10397129,NON - CRIMINAL,FOID - REVOCATION,STREET,FALSE,FALSE,28,2016
3269495,RITUALISM,AGG RIT MUT: HANDS/FIST/FEET SERIOUS INJURY,OTHER,FALSE,FALSE,71,2003
10840565,NON-CRIMINAL (SUBJECT SPECIFIED),NOTIFICATION OF CIVIL NO CONTACT ORDER,RESIDENCE,FALSE,TRUE,23,2017
1326195,DOMESTIC VIOLENCE,DOMESTIC VIOLENCE,APARTMENT,TRUE,TRUE,23,2001
